{"text": " You", "segments": [{"id": 0, "seek": 0, "start": 0.0, "end": 2.0, "text": " You", "tokens": [50363, 921, 50463], "temperature": 0.0, "avg_logprob": -0.45270973443984985, "compression_ratio": 0.2727272727272727, "no_speech_prob": 0.937186062335968}], "language": "en"}