{"text": " Okay. Thank you.", "segments": [{"id": 0, "seek": 0, "start": 0.0, "end": 2.9, "text": " Okay.", "tokens": [50363, 16805, 13, 50508], "temperature": 1.0, "avg_logprob": -2.073455047607422, "compression_ratio": 0.6666666666666666, "no_speech_prob": 0.4503577649593353}, {"id": 1, "seek": 0, "start": 2.9, "end": 5.58, "text": " Thank you.", "tokens": [50508, 6952, 345, 13, 50642], "temperature": 1.0, "avg_logprob": -2.073455047607422, "compression_ratio": 0.6666666666666666, "no_speech_prob": 0.4503577649593353}], "language": "en"}