{"text": " Alright buffering, 1, 2, 3 buffering, and then I'm going to stop speaking.", "segments": [{"id": 0, "seek": 0, "start": 0.0, "end": 8.64, "text": " Alright buffering, 1, 2, 3 buffering, and then I'm going to stop speaking.", "tokens": [50363, 40967, 6940, 1586, 11, 352, 11, 362, 11, 513, 6940, 1586, 11, 290, 788, 314, 1101, 1016, 284, 2245, 5486, 13, 50795], "temperature": 0.0, "avg_logprob": -0.33073538541793823, "compression_ratio": 1.0724637681159421, "no_speech_prob": 0.11635106056928635}], "language": "en"}